pid,filename,poet,title,year,poem,poemlength,epoch_year,epoch_poet
84,"Flaischlen, Cäsar_UNTITLED_1892","Flaischlen, Cäsar",UNTITLED,1892,"Das ist es, was müde macht: dieses heimliche Warten, dieses ruhelose stille Horchen nach der Treppe, dieses Aufspringen, wenn es klingelt ... statt der erwarteten Freude aber mit blitzendem Aug und lachendem Mund steht ein frierendes Kind draußen, verhärmt und elend, und bittet weinend um ein Stückchen Brot.",56,Jahrhundertwende,Naturalismus
12814,"Lichtenstein, Alfred_Karnevalstraum_1912","Lichtenstein, Alfred",Karnevalstraum,1912,"Ich mach den Karneval sobald nicht wieder mit. So schlimm ist mir mein Lebtag nicht gewesen, Und solche Träume hab ich nie geträumt:Auf einem harten, kahlen Wege, der der Stadt, Die ihn nicht halten konnte, fast entlaufen ist Und nun, ein Bettler, in den Himmel wandert, schreiten Ein Mann, ein Weib. – Der Mann: robust, gemein, Ein Raubtier, das sich auf das Fressen freut. Das Weib: graziös und schlank, halbnackt, im Domino. Herzlose Blicke stechen aus verbrauchten Augen ... Kein Laster, kein Verbrechen ist ihr neu – Und jedes hält wie ein Paket in einem Arm Ein Bein von mir. Mein Körper schleift am Boden.Und immer, wenn ich stöhnend meinen Kopf Versuche zu erheben oder mit den Händen mich Verzweifelt an die Erde klammern will, Fühl ich des Mannes starke Knochen fester Um meinen Fuß sich legen ... fühle, wie des Weibes Grausames, kühles Fleisch sich plötzlich enger preßt, Und mutlos, hoffnungslos sink ich zusammen –Die beiden aber schreiten schweigend weiter, Zu jeder Greueltat mit Lust bereit.",199,Expressionismus,Expressionismus
35795,"Bierbaum, Otto Julius_Ein Menuett_1887","Bierbaum, Otto Julius",Ein Menuett,1887,"Nestwarmweiche Lagerstätte, Himmelblaues Himmelbette, Seidenkissen, Spitzenzier, Rosawolken, mullgebauschte, Hinter denen Amor lauschte, Unsrer Liebe, dir und mir, Kräuselte der Tapezier.Aus der Ampel quillt in hellen Morgenrötenrosenwellen Schmeichelweiches Liebeslicht. Wie in einem Rosenhaine, Rose selber, ruht die Meine, Und von Rosen ein Gedicht Ihres Busens Heben spricht.Leise, leise, ihren roten Lippen Morgengruß geboten. Augen auf. Bon jour Madam'! Zweier Sonnen hell Erwachen, Zweier Sonnen selig Lachen ... Als ich in den Arm sie nahm, Amor aus der Wolke kam.",100,Naturalismus,Jahrhundertwende
46934,"Löns, Hermann_Der Konzerthuster_1890","Löns, Hermann",Der Konzerthuster,1890,"Er hat einen richtigen Schnupfen, Ihr Husten ist auch nicht ganz schlecht, In einer Tour niest er und prustet, Sie kröchert sich schön was zurecht.Die beiden sind Kunstenthusiasten, In keinem Konzert fehlen sie, Ob Kammermusik oder Wüllner, Man hört ihr Gehust und Hatschi.Im Tivoli spielt Sarasate, Die beiden, die sitzen ganz vorn, Sie hustet bei jeder Piece, Er dröhnt wie ein Turmwächterhorn.Ihr Enthusiasmus ist rührend, Die Kunst, die ist ihnen kein Spaß, Und geht's ihnen auch noch so elend, Sie kommen und husten uns was.",101,Naturalismus,Naturalismus
16702,"Engelke, Gerrit_UNTITLED_1914","Engelke, Gerrit",UNTITLED,1914,"Und Welle kommt und Welle flieht, Und der Wind stürzt sein Lied, Schaumwasser spielt an deine Schuhe Knie nieder, Wandrer, ruhe.Es wälzt das Meer zur Sonne hin, Und aller Himmel blüht darin. Mit welcher Welle willst du treiben? Es wird nicht immer Mittag bleiben.Es braust ein Meer zur Ewigkeit, In Glanz und Macht und Schweigezeit, Und niemand weiß wie weit – Und einmal kommst du dort zur Ruh, Lebenswandrer, Du.",82,Expressionismus,Expressionismus
26210,Klabund_Ballade vom Wort_1909,Klabund,Ballade vom Wort,1909,"Was wollen die grossen Worte? Sie rollen wie ein Kiesel klein Am Weg, an der Strassenborte In den Morgen ein.Sie hängen an manchem Baume Wie Früchte halbgereift. Sie haben von manchem Traume Den zarten Puder gestreift.Sie schmecken wie Galle so bitter. So spei sie aus dem Spiel! Sie sitzen im Fleisch wie Splitter. Ein Wort ist schon zuviel.Ein Wort schon ist Mord schon am Himmel. So schweige und neig dich zum Herd. Stumm lenkt durch das Sternengewimmel Der Herr sein ewiges Gefährt.",91,Jahrhundertwende,Expressionismus
35666,"Bierbaum, Otto Julius_UNTITLED_1887","Bierbaum, Otto Julius",UNTITLED,1887,"Traurig war ich, ach so sehr, Und viel Thränen sind geflossen, Klagen hab' ich hin und her In die leere Luft gestöhnt – Ach so sehr! Nur das Echo hat gehöhnt; Niemand nahte, mich zu trösten, Und mein Herz blieb unversöhnt, Kummerschwer und freudeleer.Da kam heut ein schöner Tag, Sonne kam und trieb die Wolken, Sah mich, der ich müde lag, Mit verliebten Augen an. Schöner Tag! Und ich wurde wieder Mann, Blies auf meiner lieben Flöte, Sang mir dieses Liedchen dann, Das mein Mädchen hören mag.",106,Naturalismus,Jahrhundertwende
44008,"Stramm, August_Abendgang_1894","Stramm, August",Abendgang,1894,Durch schmiege Nacht Schweigt unser Schritt dahin Die Hände bangen blaß um krampfes Grauen Der Schein sticht scharf in Schatten unser Haupt In Schatten Uns! Hoch flimmt der Stern Die Pappel hängt herauf Und Hebt die Erde nach Die schlafe Erde armt den nackten Himmel Du schaust und schauerst Deine Lippen dünsten Der Himmel küßt Und Uns gebärt der Kuß!,62,Jahrhundertwende,Expressionismus
39871,"Ringelnatz, Joachim_Draußen schneit's_1908","Ringelnatz, Joachim",Draußen schneit's,1908,"Wir hatten ein Schaukelpferd vorher gekauft . Aber nachher kam gar kein Kind . Darum hatten wir damals das Pferd dann Bubi getauft . –Weil nun die Holzpreise so unerschwinglich sind ; Und ich nun doch schon seit Donnerstag Nicht mehr angestellt bin , weil ich nicht mehr mag ; Haben wir 's eingeteilt . Und zwar : Die Schaukel selbst für November , Beine rausdrehn , Nägel rausreißen , Fell abschälen . Darüber können Wochen vergehn . Das will auch gelernt und verstanden sein , Sonst kann man sich daran zu Tode quälen . Solches Holz ist härter als Stein . Dann spalten und Späne zum Anzünden schneiden Und tausenderlei . Aber das tut uns gut , uns beiden , Sich mal so körperlich auszuschwitzen.Außerdem kann man ja dabei Ganz bequem auf dem Sofa sitzen ; Raucht seine Pfeife , trinkt seinen Tee , Und vor allem : Man ist eben frei ! Man hat sein eigenes Atelier . Man hat seinen eigenen Herd ; Da wird ein Feuerchen angemacht – Mit Bubipferd – , Daß die Esse kracht . Und die Anna singt und die Anna lacht.Da können wir nach Belieben Die Arbeit auf später verschieben . Denn wenn man das Gas uns sperren läßt Oder kein Bier ohne Bargeld mehr gibt , Dann kriechen wir gleich nach Mittag ins Nest Und schlafen , solange es uns beliebt.Freilich : Der feste Lohn fällt nun fort , Aber die Freiheit ist auch was wert . Und das mit dem Schaukelpferd Ist jetzt unser Wintersport .",256,Jahrhundertwende,Jahrhundertwende
8505,"Thoma, Ludwig_Mondnacht am Chiemsee_1894","Thoma, Ludwig",Mondnacht am Chiemsee,1894,"Gespensterhaft die Berge ragen. Weit über sie mit bleichem Schein, Von raschen Wolken tief umzogen, Schaut silberhell der Mond herein.Der See erglänzt von seinen Strahlen, Die spielen glänzend drüber her, Als tanzten Nixen ihren Reigen Auf leichtbewegtem Wellenmeer.Am Ufer durch die hohe Buche Mit leisem Hauch der Nachtwind zieht, Und in den Zweigen tönt ein Flüstern Geheimnisvoll, fast wie ein Lied.Ich bin allein. Und wonnetrunken Ergeb ich mich der stillen Pracht Und meine Brust durchbebt der Zauber Der feierlichen Sommernacht.",89,Jahrhundertwende,Jahrhundertwende
45391,"Rilke, Rainer Maria_Eingang_1900","Rilke, Rainer Maria",Eingang,1900,"Wer du auch seist: am Abend tritt hinaus aus deiner Stube, drin du alles weißt; als letztes vor der Ferne liegt dein Haus: wer du auch seist. Mit deinen Augen, welche müde kaum von der verbrauchten Schwelle sich befrein, hebst du ganz langsam einen schwarzen Baum und stellst ihn vor den Himmel: schlank, allein. Und hast die Welt gemacht. Und sie ist groß und wie ein Wort, das noch im Schweigen reift. Und wie dein Wille ihren Sinn begreift, lassen sie deine Augen zärtlich los...",100,Jahrhundertwende,Jahrhundertwende
40535,"Hofmannsthal, Hugo von_UNTITLED_1911","Hofmannsthal, Hugo von",UNTITLED,1911,"Hier siehst du Spiel auf Spiel aus Einsamkeit geboren. Nun hab ich draußen Viel, und drinnen nichts verloren.",21,Expressionismus,Jahrhundertwende
11948,"Falke, Gustav_UNTITLED_1884","Falke, Gustav",UNTITLED,1884,"Aus Nichts eine Welt erschafft Mit der Zauberrute: Dichterkraft. Fährt der Geist drüber her, Wogt's auf wie ein Meer, Und das Nichts gebiert. Publikus steht und stiert. Kritikus hinterher Nimmt's wichtig und schwer Und legt die Stirn in Falten: »Recht brav! Aber die alten, Die urewigen, geheiligten Regeln!« Es ist zum Kegeln.",68,Naturalismus,Jahrhundertwende
29621,"Dauthendey, Max_Versonnen wie die Augenblicke, von denen keine Tafeln schreiben_1892","Dauthendey, Max","Versonnen wie die Augenblicke, von denen keine Tafeln schreiben",1892,"Durch die Abendberge, wie eine eiserne Schrift, Der gewundene Fluß im Tal hinschreibt. Wie auf graue Tafeln mit eisernem Stift, Und wie ein ewig Wort er eingegraben bleibt. Doch flüchtig nur stehen an steiniger Stell' Am Berg bei mir oben die Anemonen, Die wie die Taubenschaar weiß auf Höhen wohnen Und im Abend noch lange helleuchtend bleiben, Versonnen wie die Augenblicke, von denen keine Tafeln schreiben.",76,Jahrhundertwende,Jahrhundertwende
45682,"Rilke, Rainer Maria_Die achte Elegie_1922","Rilke, Rainer Maria",Die achte Elegie,1922,"Mit allen Augen sieht die Kreatur das Offene . Nur unsre Augen sind wie umgekehrt und ganz um sie gestellt als Fallen , rings um ihren freien Ausgang . Was draußen Antlitz allein ; denn schon das frühe Kind wenden wir um und zwingens , daß es rückwärts Gestaltung sehe , nicht das Offne , das im Tiergesicht so tief ist . Frei von zwitterig und windig.die immer o Glück der Mücke , die noch selbst wenn sie Hochzeit hat : denn Schooß ist Alles . Und sieh die halbe Sicherheit des Vogels , der beinah beides weiß aus seinem Ursprung , als wär er eine Seele der Etrusker , aus einem Toten , den ein Raum empfing , doch mit der ruhenden Figur als Deckel . Und wie bestürzt ist eins , das fliegen muß und stammt aus einem Schooß . Wie vor sich selbst erschreckt , durchzuckts die Luft , wie wenn ein Sprung durch eine Tasse geht . So reißt die Spur der Fledermaus durchs Porzellan des Abends.Und wir : Zuschauer , immer , überall , dem allen zugewandt und nie hinaus ! Uns überfüllts . Wir ordnens . Es zerfällt . Wir ordnens wieder und zerfallen selbst.Wer hat uns also umgedreht , daß wir , was wir auch tun , in jener Haltung sind von einem , welcher fortgeht ? Wie er auf dem letzten Hügel , der ihm ganz sein Tal noch einmal zeigt , sich wendet , anhält , weilt – , so leben wir und nehmen immer Abschied .",256,Expressionismus,Jahrhundertwende
16649,"Engelke, Gerrit_UNTITLED_1913","Engelke, Gerrit",UNTITLED,1913,"Menschen, Menschen alle, streckt die Hände Ueber Meere, Wälder in die Welt zur Einigkeit! Daß sich Herz zu Herzen sende: Neue Zeit!Starke Rührung soll aus euren Aufenthalten Flutgleich wellen um den Erdeball, Mensch-zu-Menschen-Liebe glühe, froh verhalten, Ueberall!Was gilt Westen, Süden, Nähe, Weitsein, Wenn Euch Eine weltentkreiste Seele millionenfältigt! Euer Mutter-Erde-Blut strömend Ich- und Zeitsein Ueberwältigt!Menschen! Alle Ihr aus einem Grunde, Alle, Alle aus dem Ewig-Erde-Schoß, Reißt euch fort aus Geldkampf, Krieg, der Steinstadt-Runde: Werdet wieder kindergroß!Menschen! Alle! drängt zur Herzbereitschaft! Drängt zur Krönung Euer und der Erde! Einiggroße Menschheitsfreunde, Welt- und Gottgemeinschaft Werde!",127,Expressionismus,Expressionismus
19875,"Müller-Jahnke, Clara_Der Zukunft Krone_1882","Müller-Jahnke, Clara",Der Zukunft Krone,1882,"Dem Mann der Arbeit – und ob er schwingt die Axt in der nervigen Rechten, und ob er das Gold aus der Erde ringt aus des Bergwerks dämmernden Schächten, ob er lehrt und schafft und die Feder hält und den Meißel führt, – ihm gehört die Welt, ihm gehört der Zukunft Krone!Wir haben gebeugt in Fron und Joch den trutzigen Nacken lange, – und heimlich glühte das Herz uns doch bei des Hammers ehernem Klange. Der Schweiß, der nieder die Stirn uns rann, er adelt uns alle, Weib und Mann, und gibt uns der Zukunft Krone.Wir wollen kein feiges, kein halbes Geschlecht, kein tröstendes Wort, uns zum Hohne: wir wollen für jeden sein heiliges Recht, für jeglichen Arbeit, die lohne, – und Freude, wo brennend die Träne jetzt fällt, und Frieden der ganzen, der seufzenden Welt – und dem Volke der Zukunft die Krone!",167,Naturalismus,Naturalismus
10169,"Weissmann, Maria Luise_Robinson zeichnet in den Sand_1914","Weissmann, Maria Luise",Robinson zeichnet in den Sand,1914,"Du Palme, leicht, daß dich die Winde wiegen Zärtlich in ihrem Atem! Strahlen biegen Des Lichtes deinen Stamm zur süßen Melodie Geschweifter Harfe. Seliger ward nie Noch eines Bogens Silber ausgespannt Am Blau des Himmels. Brennenderen Brand Warf Schönheit nie in die versengte Brust. Du Lichteste: Nicht schmerzlichere Lust Gab je die Frau. O, sieh die Hand, gebannt Von dir, in dich, die gleitend über Sand Das schmale Zeichen sucht, das dieser Welle Tödlicher Anmut, sterbend, sie geselle.",94,Expressionismus,Expressionismus
70379,"Holz, Arno_UNTITLED_1886","Holz, Arno",UNTITLED,1886,"Bist so süß wie zarte Frauenhuld , Wenn dein tiefgeheimer Zauber labend Mich in wunderholde Träume lullt . Bin ich singend über Land gezogen Wohl den ganzen Tag im Sonnenschein Und nun schreit ich durch den Thoresbogen In die altersgraue Stadt hinein.Von den holzgeschnitzten Giebelspitzen Sich schon längst der letzte Schimmer stahl , Nur die hohen Kirchenkreuze blitzen Golden noch im späten Abendstrahl . die Kühle , Wie ein frischgepflückter Blumenstrauß . Rollt kein Wagen mehr , es schlägt kein Hammer , Denn der Werkeltag ist längst verrauscht ; Lämpchen knistert schon in stiller Kammer , Drin der Nestling Mutters Märchen lauscht.Immer stiller wird es auf den Gassen , Immer heimlicher die Dämmrung winkt , Bis das Giebeldach die silberblassen , Mondgewebten Flimmerstrahlen trinkt . Wo in marktumpflanzten Lindenbäumen Funkenwürmchen hin und wieder fliegt , Wandeln Liebende in süßen Träumen , Hand in Hand und Arm in Arm geschmiegt.Mit den alten , halbverwaschnen Runnen Und dem steingehaunen Reckenbild Steht am Rathhauseck der Rolandsbrunnen , Der aus hundert Röhren tönend quillt . Auf bemoostem Rande sitz ' ich nieder , Und ich schaue in die Fluthenpracht , Und ich lausche auf die Wiegenlieder , Bis mein Herz zur guten Ruh gebracht.Und da hör ich , wie auf leisen Sohlen Blonde Engel durch die Gassen gehn , Und ich blinzle ab und zu verstohlen , Um die blonden Engel auch zu sehn . O du lieber , linder Sommerabend , Bist so süß wie zarte Frauenhuld , Wenn dein tiefgeheimer Zauber labend Mich in wunderholde Träume lullt !",256,Naturalismus,Naturalismus
61568,"Nietzsche, Friedrich_UNTITLED_1882","Nietzsche, Friedrich",UNTITLED,1882,"So häng ich denn auf krummem Aste Hoch über Meer und Hügelchen: Ein Vogel lud mich her zu Gaste — Ich flog ihm nach und rast’ und raste Und schlage mit den Flügelchen.Das weisse Meer ist eingeschlafen, Es schläft mir jedes Weh und Ach. Vergessen hab’ ich Ziel und Hafen, Vergessen Furcht und Lob und Strafen: Jetzt flieg ich jedem Vogel nach.Nur Schritt für Schritt — das ist kein Leben! Stäts Bein vor Bein macht müd und schwer! Ich lass mich von den Winden heben, Ich liebe es, mit Flügeln schweben Und hinter jedem Vogel her.Vernunft? — das ist ein bös Geschäfte: Vernunft und Zunge stolpern viel! Das Fliegen gab mir neue Kräfte Und lehrt’ mich schönere Geschäfte, Gesang und Scherz und Liederspiel.Einsam zu denken — das ist weise, Einsam zu singen — das ist dumm! So horcht mir denn auf meine Weise Und setzt euch still um mich im Kreise, Ihr schönen Vögelchen, herum!",176,Naturalismus,Jahrhundertwende
24044,"Henckell, Karl_UNTITLED_1896","Henckell, Karl",UNTITLED,1896,"Der Kaiser rief : » Reserve her ! Ins Glied , getreue Herden ! Allein Gott in der Höh sei Ehr ' ! Schlagt an das Repetiergewehr , Und Friede sei auf Erden ! « Choräle schallen in schimmernden Hallen , Der Pfaff schrie : » Jesus machte uns gleich . Den Menschenkindern ein Wohlgefallen , In einer Krippe das Himmelreich ! « Der das Rottuch weht , Im Sturmschritt die Kolonnen ; Eilt , Brüder , eilt ! – was kommt ihr spät ? Hoch auf der Barrikade steht Das Häuflein blutberonnen . Die Lücke schließt ! Kartätschen prasseln , Des Kaisers Garden – Genossen , Sturm ! Kommandorufe ! Kanonen rasseln , Die Glocken heulen von Turm zu Turm.Nun schwöre deinem Vater , Sohn , In heiliger Freiheit Namen , Zum Todeskampf mit Schmach und Fron Den Eid der Revolution – Und sei kein Schurke ! Amen. « Hohl heulte vermummte Verschwörergesänge Der Wind im Ofen mit dräuendem Ton Und trieb mit des Aschenvolks totem Gemenge Eine frische , fröhliche Rebellion . – – – – – – – – – – – – – – – – – – – – – – –Der Scherge stieß sie vor sich her Wie eine Hammelherde . Allein Gott in der Höh sei Ehr ' ! – Ein roher Knuff zur Wegeszehr – Und Frieden auf der Erde ! Choräle schallen , Sektpfropfen knallen , Lump , stirb , verdirb , du roter Hallunk ! Den Menschenkindern ein Wohlgefallen , Dem Kanzler Fackeln und Minnetrunk !",257,Jahrhundertwende,Naturalismus
28788,"Hartleben, Otto Erich_UNTITLED_1887","Hartleben, Otto Erich",UNTITLED,1887,"Da stehen sie im schmutzigen , zerrissnen Rock . Der Koth der Gasse klebt an ihrem plumpen Fuss . Da stehen sie und starren blöden Augs dich an und bergen beide Fäuste in den Taschen tief.Du gabst die Stimme jenem Mann , den sie erwählt , der ihrem Elend laute Worte leihen soll , und ihrer Sache gabst du wohl weit Grössres schon . stummgebornen Hass im trägen Blick.Dem Tiger auf der Lauer funkelt das Auge doch , es geht ein Gluthauch vor des Löwen Rachen her , doch dieses Volk , es lastet , stumm wie der Felsenhang ob deinem Haupt – und plötzlich löst es sich – und fällt.Nicht was du willst , noch was du immer sinnst und denkst – nein : was du bist , und dass du also worden bist , das ist die Sünde , unter deren Fluch du stehst . Du bist das Opfer , und mit dir dein ganz Geschlecht . – Furchtbares Schicksal : ohne Recht geboren sein im Heute noch im Morgen ! Ein verwelkter Wald , der nie gegrünt ! Ein Kind , im Mutterleibe siech ! Wir sind die Opfer fremder , langgehäufter Schuld ... Wir sind die Opfer einer fernen schöneren Zeit ! Wir sind die Saat ! – – O mögen goldene Ähren einst wogend verhüllen dunkeler Erde vergessenen Grund ! Mögen der rote Mohn und der Cyanen Blau als Edelsteine leuchten aus dem Goldgeschmeid ! Dann flattern die Falter freudig in der Sonne Strahl , und Bienen summen honigtriefend überall !",256,Naturalismus,Naturalismus
12759,"Lichtenstein, Alfred_Sonntagnachmittag_1912","Lichtenstein, Alfred",Sonntagnachmittag,1912,"Auf faulen Straßen lagern Häuserrudel, Um deren Buckel graue Sonne hellt. Ein parfümierter, halbverrückter kleiner Pudel Wirft wüste Augen in die große Welt.In einem Fenster fängt ein Junge Fliegen. Ein arg beschmiertes Baby ärgert sich. Am Himmel fährt ein Zug, wo windge Wiesen liegen; Malt langsam einen langen dicken Strich.Wie Schreibmaschinen klappen Droschkenhufe. Und lärmend kommt ein staubger Turnverein. Aus Kutscherkneipen stürzen sich brutale Rufe. Doch feine Glocken dringen auf sie ein.In Rummelplätzen, wo Athleten ringen, Wird alles dunkler schon und ungenau. Ein Leierkasten heult und Küchenmädchen singen. Ein Mann zertrümmert eine morsche Frau.",109,Expressionismus,Expressionismus
7828,"Dehmel, Richard Fedor Leopold_Bekenntnis_1891","Dehmel, Richard Fedor Leopold",Bekenntnis,1891,"Ich will ergründen alle Lust, so tief ich dürften kann; ich will sie schlürfen ganz und gar, und stürbe ich daran.Ich will entlodern all die Glut, die mir im Herzen brennt; ich hinrasend Element.Ward ich durch frommer Lippen Macht, durch sanfter Küsse Tausch? Ich ward erzeugt bei wilder Nacht in tollem Wollustrausch!Nun will ich da mich die Lust erschuf; – schreit nur den Himmel ihr Beter von Beruf!",79,Naturalismus,Jahrhundertwende
12010,"Falke, Gustav_Märchen_1884","Falke, Gustav",Märchen,1884,"In deiner lieben Nähe Bin ich so glücklich. Ich mein, Ich müßte wieder der wilde, Selige Knabe sein.Das macht deiner süßen Jugend Sonniger Frühlingshauch. Ich hab dich so lieb. Und draußen Blühen die Rosen ja auch.O Traum der goldenen Tage! Herz, es war einmal. Abendwolken wandern Über mein Jugendtal.",58,Naturalismus,Jahrhundertwende
12806,"Lichtenstein, Alfred_Kunos Nachtlied_1913","Lichtenstein, Alfred",Kunos Nachtlied,1913,"Täglich, wenn es so sehr dunkelt, Daß ich nicht mehr lesen kann, Lauf ich singend auf die Straße, Sehe jedes Mädchen an ...Ob vielleicht – wer will das wissen – Gerade heut ein Wunder sei: Daß ich als Erlöster heimkehr, Friedlich und für ewig frei ...Komme ich vom vielen Suchen Müde und verwirrt nach Haus, Weiß ich ein geheimes Mittel, Das löscht alle Leiden aus –",76,Expressionismus,Expressionismus
12740,"Lichtenstein, Alfred_Frühling_1912","Lichtenstein, Alfred",Frühling,1912,Ich ha viel zu viel gegessen. Obs bekömmlich ist sehr fraglich. Nach so fettem Mittagessen Fühl' ich mich recht unbehaglich.Doch ich rülpse hübsch und rauche Zigaretten hin und wieder. Liegend auf dem schweren Bauche Pieps ich lauter Frühlingslieder.Sehnsuchtsvoll wie auf der Rampe Quietscht die Stimme aus der Kehle. Und wie eine alte Lampe Blakt der Wind die saure Seele.,67,Expressionismus,Expressionismus
45637,"Rilke, Rainer Maria_Die Anfahrt_1900","Rilke, Rainer Maria",Die Anfahrt,1900,"War in des Wagens Wendung dieser Schwung? War er im Blick, mit dem man die barocken Engelfiguren, die bei blauen Glocken im Felde standen voll Erinnerung,annahm und hielt und wieder ließ, bevor der Schloßpark schließend um die Fahrt sich drängte, an die er streifte, die er überhängte und plötzlich freigab: denn da war das Tor,das nun, als hätte es sie angerufen, die lange Front zu einer Schwenkung zwang, nach der sie stand. Aufglänzend ging ein Gleitendie Glastür abwärts; und ein Windhund drang aus ihrem Aufgehn, seine nahen Seiten heruntertragend von den flachen Stufen.",111,Jahrhundertwende,Jahrhundertwende
26272,Klabund_Thea_1909,Klabund,Thea,1909,"Seh ich jene petrefakte Hügelkuppe blondgeschmückt: Scheint sie eine schöne nackte Frau, die sich nach vorne bückt.Wie ihr Rücken rund sich ründet. Und es regt sich plötzlich zwischen Meinen Schenkeln und ich stoss, Erde, mich mit dir zu mischen, Meinen Thyrsusstab entzündet Tief in deinen waldigen Schoss.",54,Jahrhundertwende,Expressionismus
10193,"Weissmann, Maria Luise_Karneval des Unbeschwingten_1914","Weissmann, Maria Luise",Karneval des Unbeschwingten,1914,"Ach, ich war mir ganz entlaufen, Tanzte fremd im fremden Land Und sie wollten mich schon taufen: Einer doch den Namen fand,Der mich rief, wie sie mich nannten Damals, einst, vor langer Zeit... Und ich wußte: sie erkannten Unter dem gemalten KleidDoch den Fremdling, der verblieben, Nun sich selber unbekannt. Sein verstoßnes Herz zu lieben Stand er rot an einer Wand.",75,Expressionismus,Expressionismus
8569,"Thoma, Ludwig_Westfälische Kaisertage_1894","Thoma, Ludwig",Westfälische Kaisertage,1894,"Es wirbelt der Staub, es tutet das Horn; Was rasselt und knattert und brauset da vorn? Dort kommt mit hellen Fanfaren Der Kaiser, der Kaiser gefahren.Frau Lehmann und Schulz, ihr zittert so sehr, Nun kommt euer Herrscher im Sturme daher. Ihr dürft jetzt das Schönste genießen, Den Kaiser, den Kaiser zu grüßen.Und knax-ta ratax, da fährt Er vorbei ... Erhebt eure Herzen, erhebt ein Geschrei! Dort hinter der staubigen Wolke, Dort sitzt Er, verborgen dem Volke.»O chott! Frau Nachbar, und saht ihr Ihn nicht? Ik gloobe, Er machte ein ernstes Gesicht.« »Ich ha Ihn nicht deutlich gesehen, Doch fühl ich, mir ist was geschehen.«Das Herz voller Lust, das Maul voller Dreck, So ziehet der preußische Untertan weg. Mit Staub sind die Augen verkleistert, Doch leuchten sie lange begeistert.",161,Jahrhundertwende,Jahrhundertwende
35936,"Bierbaum, Otto Julius_UNTITLED_1887","Bierbaum, Otto Julius",UNTITLED,1887,"Ich fühle keinen Schmerz und bin doch krank; Mir ist die Kraft genommen, ich bin leer. Ich lebe ab, so wie ein Rad abläuft, Das von der Feder, die es trieb und hielt, Gelöst ward. – Ach, sie pflegen mich so lieb, Und dennoch weiß ichs, balde ists vorbei. Und bin nicht traurig. Ruhe wird mein Teil, Ich werde ruhig blühn in leichtem Wind, Wie meine Blumen, die im Garten sind.",88,Naturalismus,Jahrhundertwende
49815,"Morgenstern, Christian_UNTITLED_1892","Morgenstern, Christian",UNTITLED,1892,"Über der Erde Stirne, durch Tag und Nacht, pflügt ein hagres Weib hin und her ... Wilde Stiere, kaum zu hemmen, ziehn, reißen ihre Pflugschar durch den Grund: Doch je rasender die Nacken zerrn, nur so tiefer drückt den Baum sie ein.Über der Erde Stirne, durch Tag und Nacht, führt Frau Sorge Furche, Furche, Furche ... Leidenschaften, kaum zu zähmen, ziehn, reißen ihre Pflugschar durch den Grund: Doch je wilder die Dämonen zerrn, nur so tiefer gräbt den Stahl sie ein.",98,Jahrhundertwende,Jahrhundertwende
46888,"Löns, Hermann_Die Kegelreise_1890","Löns, Hermann",Die Kegelreise,1890,"Die Urlaubs- und Ferienzeit ist da, Die Kegelreisen blühen, Sehr reich mit Zigarren und Kognak versehn Die Klubs zum Bahnhofe ziehen.Der Zug rasselt fort; bald zeigen sich schon In der Ferne die Berge verschwommen, Naturempfindung bewältigt die Schar, Schnell wird erst einer genommen.Jetzt steigt man aus: wie wunderbar dort Die grünen Berge winken, O Kinder, wie schön ist doch die Natur, Hier müssen wir erst eins trinken!Der Tag ist heiß und der Weg ist steil, Wo's Bier gibt, läßt man sich nieder, Und kegelt einer den Berg hinab, Dafür sind's Kegelbrüder.",109,Naturalismus,Naturalismus
36067,"Bierbaum, Otto Julius_Seele!_1887","Bierbaum, Otto Julius",Seele!,1887,"Singe, solange du Atem hast! Singe, solange du Seele bist! Einst, es naht sich der Würger schon, Ringst du ein letztes Mal nach Luft, Und deine Seele gehört Dir nicht mehr. Wer weiß Wem.",43,Naturalismus,Jahrhundertwende
46717,"Löns, Hermann_Freundschaft_1890","Löns, Hermann",Freundschaft,1890,"Als du mir gabst die Bruderhand, Da war es grüner Mai; Der Wind pfeift auf dem Stoppelland, Die Freundschaft ist vorbei.Bei Finkenschlag und gelbem Wein Trankst du mir Schmollis zu; »Wir wollen treue Brüder sein, Die Hand auf Du und Du.«Jetzt heult der Wind sein Herbstgedicht, Dürr Laub tanzt auf dem Sand; Du siehst mir ruhig ins Gesicht Und hebst zum Schuß die Hand.",75,Naturalismus,Naturalismus
10156,"Weissmann, Maria Luise_Die Einsamen_1914","Weissmann, Maria Luise",Die Einsamen,1914,"Uns sind der Häuser viele umgestellt. Die goldenen Gemache blenden manchmal Der großen Feste, manchmal verweilt Um uns die Zelle, die Klause des Eremiten, Leise bei Nacht. Wir stehen oft Aufgang ist unserm Blick das Gestirn, Weite herbergt uns kühl. Schließt dann der Tag Brennend in Liebe uns ein, wir bestehn Schweigend. Öfters im Abend doch furchen Angstüberschreckt unsre kindlichen Stirnen sich tiefer.",73,Expressionismus,Expressionismus
29812,"Dauthendey, Max_Ich sah in dem Morgen_1892","Dauthendey, Max",Ich sah in dem Morgen,1892,"Ich sah in dem Morgen den Hirten am Bach, Seine Ziegen gingen den Kräutern nach, Er hielt ins Wasser die Fingerspitzen Und ließ sich von kreiselnder Welle bespritzen.Ich ging vorbei an Stier und Kuh, Ihre Holzglocken pochten sacht ab und zu. Das Bachwasser rauschte fort ohne Ermatten Und rannte durch blaue und grüne Schatten.Es sprach mich an des Graswassers Duft, Es sprachen die Sommerwolken der Luft, Ich sah in ihre blendenden Gassen – Einen Augenblick ward ich bei Gott eingelassen.",87,Jahrhundertwende,Jahrhundertwende
41363,"Trakl, Georg_Unterwegs_1900","Trakl, Georg",Unterwegs,1900,"Am Abend trugen sie den Fremden in die Totenkammer ; Ein Duft von Teer ; das leise Rauschen roter Platanen ; Der dunkle Flug der Dohlen ; am Platz zog eine Wache auf . Die Sonne ist in schwarze Linnen gesunken ; immer wieder kehrt dieser vergangene Abend . Im Nebenzimmer spielt die Schwester eine Sonate von Schubert . Sehr leise sinkt ihr Lächeln duften Äpfel . Großmutter zündet goldene Kerzen an.O , wie mild ist der Herbst . Leise klingen unsere Schritte im alten Park Unter hohen Bäumen . O , wie ernst ist das hyazinthene Antlitz der Dämmerung . Der blaue Quell zu deinen Füßen , geheimnisvoll die rote Stille deines Munds , Umdüstert vom Schlummer des Laubs , dem dunklen Gold verfallener Sonnenblumen . Deine Lider sind schwer von Mohn und träumen leise auf meiner Stirne . Sanfte Glocken durchzittern die Brust . Eine blaue Wolke Ist dein Antlitz auf mich gesunken in der Dämmerung . Ein Lied zur Guitarre , das in einer fremden Schenke erklingt , Die wilden Hollunderbüsche dort , ein lang vergangener Novembertag , Vertraute Schritte auf der dämmernden Stiege , der Anblick gebräunter Balken , Ein offenes Fenster , an dem ein süßes Hoffen zurückblieb – Unsäglich ist das alles , o Gott , daß man erschüttert ins Knie bricht.O , wie dunkel ist diese Nacht . Eine purpurne Flamme Erlosch an meinem Mund . In der Stille Erstirbt der bangen Seele einsames Saitenspiel . Laß , wenn trunken von Wein das Haupt in die Gosse sinkt .",256,Jahrhundertwende,Expressionismus
39969,"Ringelnatz, Joachim_UNTITLED_1908","Ringelnatz, Joachim",UNTITLED,1908,"Ich kenne den Herrn Junkers nicht. Mag es auch schmeichlerisch klingen, Ich widme ihm dennoch dies Gedicht, Beschwingt von seinen Schwingen.Aus meiner Laune steigt es frei, Entflogen, nicht entwachsen. Es reimt sich Kriecher- und Fliegerei Nicht einmal gut in Sachsen.Ich bin mit Junkers' Maschinen schon Oft über die Lande geflogen, Hab meinen Tages- und Wochenlohn Darüber oft weit überzogen,Sprach immer zu mir zuvor: »Überleg's Dir!« – Aber flog doch auf gehimmelt Durch Wetter und Wolken. Und fand unterwegs Ein Glück, das unten verschimmelt.Ich stehe nun – scheint's mir – auf gleichem Fuß Mit den Möwen, Adlern und Schwalben. Ich sende Herrn Junkers meinen Gruß Und komme ihm zweimal einen Halben.",131,Jahrhundertwende,Jahrhundertwende
12753,"Lichtenstein, Alfred_Der Morgen_1911","Lichtenstein, Alfred",Der Morgen,1911,"... Und alle Straßen liegen glatt und glänzend da. Nur selten hastet über sie ein fester Mann. Ein fesches Mädchen haut sich heftig mit Papa. Ein Bäcker sieht sich mal den schönen Himmel an.Die tote Sonne hängt an Häusern, breit und dick. Vier fette Weiber quietschen spitz vor einer Bar. Ein Droschkenkutscher fällt und bricht sich das Genick. Und alles ist langweilig hell, gesund und klar.Ein Herr mit weisen Augen schwebt verrückt, voll Nacht, Ein siecher Gott ... in diesem Bild, das er vergaß, Vielleicht nicht merkte – Murmelt manches. Stirbt. Und lacht. Träumt von Gehirnschlag, Paralyse, Knochenfraß.",116,Expressionismus,Expressionismus
16689,"Engelke, Gerrit_UNTITLED_1916","Engelke, Gerrit",UNTITLED,1916,"Einsam im Zimmer klopft ein Herz Immerzu. In einem Gartenbaum schwillt ein Herz Immerzu. In allen Häusern schlagen Herzen Immerzu. Durch tausend Straßen wandern Herzen Immerzu, immerzu.Von Halm zu Halm durch Felder, Von Baum zu Baum durch Wälder, In Schiffen, Bahnen, Saaten, In Stadt und Städten, Staaten: Klopfen, tanzen, tönen Herzen Immerimmerzu!Und Du, du Mutter-Erde-Sohn, Hörst du deinen Herzens-Ton! Hörst aus Milliarden Dingen Einen Herzklang um dich schwingen?: Horch! in Allen Herzen braust die Welt! Immerzu!",99,Expressionismus,Expressionismus
39739,"Ringelnatz, Joachim_[Lackschuh sprach zum Wasserstiebel]_1908","Ringelnatz, Joachim",[Lackschuh sprach zum Wasserstiebel],1908,"Lackschuh sprach zum Wasserstiebel: »Lieber Freund, du riechst so übel. Und du bist nach meiner Meinung Eine störende Erscheinung. Darum muß wohl von uns beiden Einer dieses Schuhhaus meiden.« Stiefel lächelte dazu Und begann: »Verehrter Schuh, Wenn du jenes Sprichwort kennst: Alles ist nicht Gold, was glänzt, Nimm es besser dir zu Herzen, Denn die Welt, sie liebt zu schwärzen, Was da glänzt, auch zieht sie keck Das Erhabne in den Dreck. Will dein Lack mir auch gefallen, Teurer Schuh, bedenke doch, Wenn der Lack in Staub zerfallen, Lebt das fette Leder noch. Niemals hieltest du den nassen Kalten Wasserfluten stand, Denn die Elemente hassen Das Gebild von Menschenhand.« Und der Schuh verbeugte sich. Darauf sprach er ernst und würdig: »Freund, ich überzeugte mich, Daß du mir ganz ebenbürtig. Leider war mir anfangs duster, Was mir jetzt Gewißheit ist, Daß du Meisterwerk vom Schuster Wasser-Dichter Stiefel bist.«",180,Jahrhundertwende,Jahrhundertwende
16654,"Engelke, Gerrit_UNTITLED_1913","Engelke, Gerrit",UNTITLED,1913,"Ich pfeife schon den ganzen Morgen Und döse für mich hin. Die Sonne ist in Regenlust verborgen – Doch irgendwas erheitert meinen Sinn.Die Menschen sehn heute anders aus, Das Zeitungsmädchen hüpft so niedlich, – Die lange Straße, Haus an Haus, So regengrau – und schläfert doch so friedlich.Was gestern hier lärmte, roh und fuselkehlig, Das ist heute alles stumm. – Wie bin ich heute selig – Und weiß doch nicht warum –Ihr lieben Leute, ich schalt euch: unausstehlich, Fluchte manchmal, schalt euch: schlecht und dumm, Vergebt mir heute, ich bin so selig Und weiß doch nicht warum.",113,Expressionismus,Expressionismus
11916,"Falke, Gustav_UNTITLED_1884","Falke, Gustav",UNTITLED,1884,"Hältst den Atem, Starrst in die Luft. Siehst du was? Horchst du? – Ja doch! es ruft!Lautlose Stille, Nirgend ein Muck! Narren dich Träume? Neckt dich ein Spuk?Lass mich! Aus Weiten Kommt es heran. Jetzt – wie mit Geisterhand Fasst es mich an.Fasst dich? du zitterst! Sprich, was dich schreckt, Was dir die Wange mit Blässe bedeckt.Frage nicht! Schweige! Was es auch sei – Grausend, geheimnisvoll Schritt es vorbei.",91,Naturalismus,Jahrhundertwende
44986,"Heym, Georg_Die Schlösser_1911","Heym, Georg",Die Schlösser,1911,"Alt von Blute, und manches im toten Munde Kauen sie Dunkel. – Wo große Schwerter geblitzt. Trübe Gelage zur Nacht in der Könige Runde – Draußen die Sonne die späten Pfeile noch spritzt.Wir auch gingen herum. Und kamen durch Stiegen und Gänge. Mancher Vorhang tat sich auf und fiel zu. Viele Schatten auf bleichen Dielen in Länge Kamen um unseren Fuß wie Hunde in Ruh.Über den Höfen, den dunklen voll ›Trauer‹, begannen Windfahnen oben das knarrende Abendlied. Und hoch in dem Licht der Götter große Gespanne Schnelle rollten dahin in den festlichen Süd.",103,Expressionismus,Expressionismus
21129,"Stadler, Ernst_UNTITLED_1898","Stadler, Ernst",UNTITLED,1898,"Nun sind vor meines Glückes Stimme alle Sehnsuchtsvögel weggeflogen. Ich schaue still den Wolken zu, die über meinem Fenster in die Bläue jagen – Sie locken nicht mehr, mich zu fernen Küsten fortzutragen, Wie einst, da Sterne, Wind und Sonne wehrlos mich ins Weite zogen. In deine Liebe bin ich wie in einen Mantel eingeschlagen. Ich fühle deines Herzens Schlag, der über meinem Herzen zuckt. Ich steige selig in die Kammer meines Glückes nieder, Ganz tief in mir, so wie ein Vogel, der ins flaumige Gefieder Zu sommerdunklem Traum das Köpfchen niederduckt.",106,Jahrhundertwende,Expressionismus
28781,"Hartleben, Otto Erich_UNTITLED_1884","Hartleben, Otto Erich",UNTITLED,1884,"Wie heimlich dann im Bett an deiner Brust! Aus Morgenträumen Arm in Arm erwacht, bestaunen wir den lustigen Sonnenstrahl, der keck zu solchen Heimlichkeiten drang. Behaglich recken wir die schlafgestärkten und schon von neuer Lust durchbebten Glieder, und selig lächelnd schauen wir uns stumm in Augen, die der Schlaf noch kaum verliess. O meine süsse, weisse Hede, komm – lass deine Haare fliessen! Diese Spitzen – o lass mich – lass mich: du bist schöner so, und freier schweifen meine Küsse – ah! Zieh deine Hände von den Augen, Kind: was schämst du dich? Der Sonnenstrahl ist keusch –",115,Naturalismus,Naturalismus
14488,"Lachmann, Hedwig_UNTITLED_1891","Lachmann, Hedwig",UNTITLED,1891,"Ich sehe oft dein früheres Gesicht, Geliebter, und es glückt mir, einen raschen Verlornen Ausdruck, der wie Sonnenlicht Vorbeihuscht, im Erinnern zu erhaschen.Und manchmal überkommt mich wie ein Bangen Nach meinen Kindern, da sie noch ganz klein Und hilflos waren, und der erste Schein Von zärtlichem Verstehen ihre Wangen Sanft überflog, und das Nachmirverlangen Und die Befriedigung, bei mir zu sein.Und meines Vaters Bild enttaucht den Gründen Der Ewigkeit, so wie ich ihn gekannt; Und ob darüber Jahre auch vergingen, Bin ich oft jäh in seinen Kreis gebannt, Und seh mit mildem Feuer sich entzünden Die Blicke, die so an den Fernen hingen.Und seh mich selbst, ein Wesen, das mir glich, Zuerst als Kind, dann jung erblüht und allen Verkündigungen zugewandt und offen, Vertrauen, Glück begehren, zagen, hoffen –Und dann dies alles von mir abgefallen, Vertraut und fremd und immer doch noch ich.",167,Naturalismus,Naturalismus
46791,"Löns, Hermann_Verloren_1890","Löns, Hermann",Verloren,1890,"Rosmarienheide zur Maienzeit blüht, Rosmarienheide erfreut das Gemüt, Rosmarienheide ist lieblich und zart, Rosmarienheide ist eigener Art.Anna, Marianna, wo bist du, mein Lieb, Anna, Marianna, der Wind dich vertrieb, Anna, Marianna, du zogst in die Stadt, Anna, Marianna vergessen mich hat.Rosmarienheide blüht wieder im Moor, Rosmarienheide die Farbe verlor, Rosmarienheide zum zweiten Mal blüht, Rosmarienheide erfreut kein Gemüt.Anna, Marianna, wo bist du, mein Lieb, Anna, Marianna, der Wind dich vertrieb, Anna, Marianna, dein Herz das ging tot, Anna, Marianna, in Kummer und Not.",113,Naturalismus,Naturalismus
7961,"Dehmel, Richard Fedor Leopold_Dichterfreundschaft_1891","Dehmel, Richard Fedor Leopold",Dichterfreundschaft,1891,"Euch suchte ich . O kindisch weich Bewegen , o stürmisch Wogen alter Liebeslust ! der schwellende Strom dem rollenden Meer entgegen , so stürz ' ich mich an eure Brust . Noch Einmal rauschen auf aus ihren Gründen der ersten Jugendsehnsucht scheue Laute , zur Brandung schäumend : in die Flut zu münden , die brausend lockende , die urvertraute ... O langer : die tausend Küsse , die er aufgesogen , wie Lenzhauch nun sein lockiges Haupt umflogen , umschlangen die geballten Fäuste , bogen sie spielend auf und kos'ten sie und zogen in seinen Schooß sie wieder , und ein Säumen und so rann er matt des Weges , wie in Träumen ... So fand ich Euch – und lauschte . O Erwachen ! o brüderlich Erkennen , jauchzend Lachen ! o Meeresstimmen , süße Schwesterlaute ! erfüllter Ahnung Klänge , urvertraute ! – Zur tiefen See des vollen Stromes Sehnen erfaßt mich , in die Arme euch zu fallen , zu fühlen eurer Herzensfluten Wallen , an eurer sturmgeworfnen Brust zu lehnen.In Eure Seele schütten will ich Meine mit allen Himmelswassern , die sie tränkten , mit allen Quellenpulsen , die mich drängten euch zu umhalsen : daß in Eine Eine glücksingende Woge unser Leben brande , die glanzumzittert von dem Strahlennetze der großen Sonne Liebe rings die Lande , die dürren , für denSchon keimt es sacht ; schon hör ' ich Osterglocken vom Strand der Zukunft grüßen übers Meer , – – der Dank der Menschheit , drüber her ...",256,Naturalismus,Jahrhundertwende
7905,"Dehmel, Richard Fedor Leopold_Eine Weihnachtsstunde_1891","Dehmel, Richard Fedor Leopold",Eine Weihnachtsstunde,1891,"Laß , Liebster , die Lampe noch und rücke mit mir zum Kamin , und laß in die Flammen uns sehen und lauschen dem Zauber darin ! Und lege dein Haupt ans Herz mir und blicke nicht traurig drein , daß wir am Heiligen Abend im Dunkeln sitzen ! allein ! Horch , wie im Ofen wispert die Glut ihr heimlich Lied ! schau wie ein Singen und Weben von Märchenherrlichkeit , drin spielt 's wie ein Schwingen und Schweben von Träumen der Kinderzeit : als wir noch fromm gebetet zum lieben Jesuchrist , der für uns arme Sünder vom Himmel kommen ist , –als wir noch nicht verstanden , warum auf Golgatha ein brechend einst mild zur Erde sah.Und denke der großen Liebe , die treu bis in den Tod gerungen und gelitten für all der Brüder Not ! Und denke des großen Glaubens , den Er zur Menschheit trug noch in der letzten Stunde , da man ans Kreuz ihn schlug ! Und blicke nicht trüb , mein Liebster , daß und hoffe wie Er , daß Einstens die Goldne Zeit wird sein ! – –Nun sehe dein Auge ich leuchten und strahlen Eigne Glut , nun richtet das Haupt dir wieder empor der alte Mut.Du bist mein Stolzer , mein Starker ! du führst es Alles aus ! Oh gründe und baue nur weiter an deinem stolzen Haus ! –Und übers Jahr ist 's anders – neig ' her dein Ohr geschwind : da schmücken wir ein Bäumchen für ein lieb Menschenkind .",256,Naturalismus,Jahrhundertwende
50003,"Morgenstern, Christian_Der Zwölf-Elf_1892","Morgenstern, Christian",Der Zwölf-Elf,1892,"Der Zwölf-Elf hebt die linke Hand: Da schlägt es Mitternacht im Land.Es lauscht der Teich mit offnem Mund. Ganz leise heult der Schluchtenhund.Die Dommel reckt sich auf im Rohr Der Moosfrosch lugt aus seinem Moor.Der Schneck horcht auf in seinem Haus. Desgleichen die Kartoffelmaus.Das Irrlicht selbst macht Halt und Rast auf einem windgebrochnen Ast.Sophie, die Maid, hat ein Gesicht: Das Mondschaf geht zum Hochgericht.Die Galgenbrüder wehn im Wind. Im fernen Dorfe schreit ein Kind.Zwei Maulwürf küssen sich zur Stund als Neuvermählte auf den Mund.Hingegen tief im finstern Wald ein Nachtmahr seine Fäuste ballt:Dieweil ein später Wanderstrumpf sich nicht verlief in Teich und Sumpf.Der Rabe Ralf ruft schaurig: ›Kra! Das End ist da! Das End ist da!‹Der Zwölf-Elf senkt die linke Hand: Und wieder schläft das ganze Land.",143,Jahrhundertwende,Jahrhundertwende
10159,"Weissmann, Maria Luise_Gesang der Frühvollendeten_1914","Weissmann, Maria Luise",Gesang der Frühvollendeten,1914,"Wir denken euch im Gleiten manchmal, Lebende, Durch Traum und Ahnung und die Flut des Abends: Ihr Schmerzlichen, wenn ihr in schweren Taten Zur Tiefe sinkt. Wir stiegen steil empor, Da unserm Aufbruch keine Ziele standen, Uns grenzenlos die Wanderschaft empfing. Nun sind wir über euch, und euer fernstes Geschehen löscht, Erinnerung, vertan, Uraltes Lächeln unserer Vergangenheit.",70,Expressionismus,Expressionismus
41402,"Trakl, Georg_In Venedig_1900","Trakl, Georg",In Venedig,1900,"Stille in nächtigem Zimmer. Silbern flackert der Leuchter Vor dem singenden Odem Des Einsamen; Zaubrisches Rosengewölk.Schwärzlicher Fliegenschwarm Verdunkelt den steinernen Raum Und es starrt von der Qual Des goldenen Tags das Haupt Des Heimatlosen.Reglos nachtet das Meer. Stern und schwärzliche Fahrt Entschwand am Kanal. Kind, dein kränkliches Lächeln Folgte mir leise im Schlaf.",59,Jahrhundertwende,Expressionismus
12771,"Lichtenstein, Alfred_Straßen_1913","Lichtenstein, Alfred",Straßen,1913,"Viel Himmel liegt auf allen singenden Einsamen Straßen im Laternenscheine. Ich schwing im Winde über graue Steine, Die spiegeln meinen Schritt, den klingenden.Ich spüre an der Stirne eiligen Verhauch von gelben und von dunklen Dingen. Ich will die Nacht mit Träumerein verbringen. Ich fühl den Mond ... grüngoldnen Heiligen.",55,Expressionismus,Expressionismus
40534,"Hofmannsthal, Hugo von_Für Alfred von Heymel_1911","Hofmannsthal, Hugo von",Für Alfred von Heymel,1911,"Was wir aufgehäuft hier innen, Laß es leben von den Sinnen! Wohnst du drin: es ist ein Zelt! Blick hindurch: da liegt die Welt!",30,Expressionismus,Jahrhundertwende
36555,"Holz, Arno_Zum 2. September_1896","Holz, Arno",Zum 2. September,1896,"O Tag , an dem in leuchtender Wehr Noch immer schwarzweissroth Die deutsche Flagge von Fels zu Meer Nord- , ost- und westwärts loht : In Einigkeit verbunden Durch die heilige Schaar , die an Dir verblich , O Tag voll Blut und Wunden , Wir grüssen Dich ! Wir grüssen Dich ! Denn oft noch wird Dein Morgenwind Durch die Reiser an unsern alten Gluten noch einmal glühn Und roth auf französischer Erde Um junge Gräber Rosen blühn.Nicht die Welt zu knechten ist unsre Begier , Brandfackeln zu werfen in fremdes Glück : Ein schwäbischer Bauer ist kein Baschkir Und ein pommerscher Landwehrmann kein Kalmück ! Was thut 's , wenn der Ruhm unsre Siege Auf seine thönernen Tafeln schreibt ? Sie gelten dem Weib an der Wiege Und dem Schäfer , der seine Schafe treibt ! Doch weh , wenn die Kraft , die einst Kronen zerbrach , Nicht länger mehr unsre Schwerter umsprüht Und die alte Zeit der alten Schmach In unsre Stirnen ihr Schandmahl glüht ! Wenn Franzosen , Russen und Czechen Ihre Fangarme um unser Land gekrallt – Doch schon zu denken daran , ist Verbrechen , Nach blitzt ja die Wacht auf dem Niederwald ! Drum , Du Tag , an dem in leuchtender Wehr Noch immer schwarzweissroth Die deutsche Flagge von Fels zu Meer Nord- , ost- und westwärts loht : In Einigkeit verbunden Durch die heilige Schaar , die an Dir verblich , O Tag voll Blut und Wunden , Wir grüssen Dich ! Wir grüssen Dich !",256,Jahrhundertwende,Naturalismus
36812,"Holz, Arno_UNTITLED_1896","Holz, Arno",UNTITLED,1896,So schön war noch kein Tag : Marieen-Würmgens fligen/ itzt kan wer will und mag in nichts wie Bluhmen ligen . Der Himmel gläntzt gantz blau/ vom Wald her blühn die Linden/ lässt sich fast nakkligt finden . Kaum ümbflohrt von zahrten Bändern/ siht man sie am Bach-Rand schländern/ wo sie sich des offtern bükkt und Vergißmeinnichtgens pflükkt.Die Zeit lacht alles an . Die überjuchen/ biß ihn jach der Teuffel pakkt/ rittsch und ihm das Rükk-Grad knakkt ! Auff Knyen lihg ich do . Ich Wurm/ ich arme Made ! Mir ist so durchauß froh/ schon rührt mich nichts alß Gnade ! Wordrauff ich fäst verträut die gantze bittre Jahre : mein Geist hat sich verneut/ mein Leib drukkt keine Bahre ! Eines Stimme hör ich sprechen/ daß mir fast die Sinne brechen : Komm und sizz auff dihsen Trohn/O allzu großer Gott ! Nun ist mein Hertz genesen ! Nun spühr ich sonder Spott Dein aller-tieffstes Wesen ! Waß vor mich so beschwehrt/ Dein Grimm/ Dein Gifft/ Dein Wühten/ im Huy hat sichs verkehrt in lautter Rohsen-Blühten ! For mein Kämpffen/ for mein Ringen/ darff ich Dir itzt Palmen schwingen/ der ich bey den Säuen saß und fast nichts wie Träber fraß ! Dein Groll auff mich zerschwand . O Wunder aller Wunder ! Der Welt ihr eytler Tand fiel von mir wie auß Zunder ! Mein Leib lacht leuchtend weiß/ die süssen Serafinen/ die Heiligen im Kreiß bemühn sich/ mir zu dienen . Eins mit lausch ich/ wie der saure qwer durch alle Ewigkeit,256,Jahrhundertwende,Naturalismus
46930,"Löns, Hermann_Der schäbige Rest_1890","Löns, Hermann",Der schäbige Rest,1890,"Heil soll Hannover widerfahren, Die große Sarah will hierher, Das ist sehr freundlich, doch wir fragen: O Sarah, was kamst du nicht eh'r?Als du noch jünger warst an Jahren, Da ließest du dich hier nicht sehn, Jetzt, wo die Zugkraft von dir weg ist, Da willst du auf die Dörfer gehn.In Frankreich reüssierst du, Sarah, Kaum noch im allerkleinsten Nest, Und nun servierst du den Barbaren Diesseits des Rheins den schägen Rest.Ich aber schätze keine Neigen Und laufe davor, was ich kann; Schon immer warste reichlich mager, Und jetzt ist an dir nichts mehr dran.",117,Naturalismus,Naturalismus
8509,"Thoma, Ludwig_Auf Höhen_1894","Thoma, Ludwig",Auf Höhen,1894,"Und ich fragte meinen Lehrer, Wo der liebe Herrgott wohnt. »Ei, im blauen Himmel oben, Wo er mit den Englein thront.«Und die grauen Felsenberge Ragen doch so hoch empor! Sieht man von dem steilen Gipfel In das offne Himmelstor?Sieht man auch die Engelsscharen? Hat der Himmel dort ein Loch? »Ja, natürlich,« sprach der Lehrer, »Warte, du begreifst es noch.«Nein, ich hab' es nie begriffen, Als ich dann nach manchem Jahr Oft und oft und immer wieder Auf den Bergesgipfeln war.Hoch zu Häupten, fest verschlossen Wölbte sich das Himmelszelt, Und ich sah nur kleiner werden Unter mir die Erdenwelt.",125,Jahrhundertwende,Jahrhundertwende
50114,"Morgenstern, Christian_UNTITLED_1892","Morgenstern, Christian",UNTITLED,1892,"Du schlankes Reh, das du die Menschen fliehst, bewegte dich dein Herz, wenn du mich siehst, mich nicht zu fliehen, meinem Blick zu traun, wie deinesgleichen mir ins Aug zu schaun!Ich weiß mich frei von jeder Mordbegier, ich jage mich, mein Bruder, nicht in dir. Du glaubst mir nicht? Ich bin dir nur ein Mann, ein Mensch ... Ach, Reh, was geht der Mensch mich an!",83,Jahrhundertwende,Jahrhundertwende
73534,"Liliencron, Detlev von_UNTITLED_1883","Liliencron, Detlev von",UNTITLED,1883,"Wir standen unter alten Riesenulmen,  An unsers Gartens Rand. Mein Arm umschlang Die schlanke Hüfte dir. Es lag dein Haupt, Das schöne, blasse, still an meiner Schulter. Ein kalter Hauch drang uns entgegen; fröstelnd Zogst fester du das Tuch um deinen Hals. In grauer Luft, unübersehbar, lag Der Wiesen grünes Flachland ausgebreitet. Wie deutlich hörten wir den Jungen schelten Auf seine Kühe, deutlich hör’ ich noch Dein fröhlich Lachen, als uns die gesunden, Vom Winde hergetragnen Worte trafen. Und eine Oede, nordisch unbehaglich, Durchfror die Landschaft. Krähen stolperten, Laut krächzend, über’n Garten. Schläfrig zog Am Horizont die Mühle ihre Kreise. Und doch! Es lag auf Wegen fern und nah Der Sonnenschein, der Sonnenschein des Glücks. Und langsam kehrten wir zurück ins Haus.",162,Naturalismus,Naturalismus
10184,"Weissmann, Maria Luise_3. Opuntia Monacantha_1914","Weissmann, Maria Luise",3. Opuntia Monacantha,1914,"Ich nahte mich, wie einem frommen Brot Ein Pilger naht, mit sehnsuchtvollem Munde. Du stießest ihn, Dir aufgetane Wunde, In eine tiefre nie gestillte Not:Du höhntest ihn mit übernommner Hülle Von Saft und Speisung, bitter bis zum Rand, O bittre Frucht! Der Mund, der Dich im Brand Einmal empfing, sieh, er verlangt die FülleVon Bitterkeit wie Süße; widersteht Keiner Erfahrung mehr: Er kommt und mündet Dürstend in Dich und nimmt und trinkt und gehtVon Dir und ist so ganz mit Schmerz versehrt, Daß er wie ein Beseßner sich entzündet Neu aus sich selbst und endlos wiederkehrt.",113,Expressionismus,Expressionismus
16647,"Engelke, Gerrit_UNTITLED_1912","Engelke, Gerrit",UNTITLED,1912,"Nicht Raum , nicht Zeit , nur Nacht und Nacht . Nur Nacht , von Nacht noch überdacht . Ein trächtig Sausen wogend schwoll –Da ! plötzlichgroß ein donnernd » Ich « ! erscholl – Da : Er ! – Er saß in Nacht , Und Er – Er war die Nacht . Der Anfang war erwacht . Er saß im Anfangsnacht-Getreibe Mit schwangerem » Ich « ! in Dampf und Schmerz – Und ließ es in die Tiefe fallen –Er ließ es in die Tiefe fallen Und setzte Seinen Fuß darauf . Und setzte Seinen Fuß auf diese Welt Auf Seine , Seine Welt , Von Sonne überhellt.Zum Letzten rief er wieder » Ich « : Gedehnt und G0äterlich beschließend , Als erster Wohlklang aus Ihm fließend , Und ließ ein Teilchen Zeugungs-Hirn aus Seiner Hand Tief abwärts fallen auf das neue , runde Land : Und da ! und da : der Same quoll ; Ein Wesen , neues Wesen schwoll : Und stieg – und stand auf dem Geroll : – Der Mensch ! der Mensch ! der Mensch ! Der sah den All-Gebärer nicht ! Er sah das Licht , nur Licht und Licht ! Er hob ergriffen seine Hände hoch , Ein schäumend Stammeln seinem Mund entflog , Das große Leuchten bog Seine Knie –Da brach aus seinem Munde jäh ein Sang : Voll Rausch , voll niegehörtem Urwelt-Klang : Vom wilden Leben hochgeschwellt : Hinauf ! Hinauf ! Zum ersten Tag ! Zum Ewig-Tag ! Zum Tag der Welt .",256,Expressionismus,Expressionismus
46935,"Löns, Hermann_Keine Bange_1890","Löns, Hermann",Keine Bange,1890,"Das Logenhaus im Hoftheater Wird umgebaut, so wie man sagt, Warum denn dieses nun geschähe, Der gute Hannovraner fragt.In unserm alten Hoftheater Liebt man sonst keine Änderung; Man sagt dort, was so lange gut war, Das ist auch heut noch gut genung.So denkt man sich: Aha, Chikago, Vorbeugung gegen Brandgefahr, Das Logenhaus ist alt und dröge, Doch mehr noch das Repertoire.Doch darum seid nur ohne Sorge, Mit Ausnahme des »Großen Lichts«, Da zündet in dem Hoftheater Seit Ewigkeit schon lange nichts.",97,Naturalismus,Naturalismus
10148,"Weissmann, Maria Luise_Gebet der Kindheit_1914","Weissmann, Maria Luise",Gebet der Kindheit,1914,"Es ist ein schwarzer Hund bei Nacht, Herr Jesus, Der auf seinen Krallen die hölzerne Stiege abwärtsgeht. Es ist ein weißer Schatten manchesmal, Herr Jesus, Der früh am Wegrand an der Weide steht. Heiland, die Blume, die ich dir gesät, Ragt immer höher auf zu deinem Schein. Du ziehst sie groß zu dir. Ich will ein Hirte sein, Dann bin ich mit den Lämmern dir zusammen. Die Küken sind ausgekrochen, aber dem einen fehlt ein Bein. Die Mutter sagte vor deiner Kerze: Alle Flammen Münden zu deiner großen Sonne ein.",107,Expressionismus,Expressionismus
21154,"Stadler, Ernst_UNTITLED_1898","Stadler, Ernst",UNTITLED,1898,"Die Rosen im Garten blühn zum zweiten Mal. Täglich schießen sie in dicken Bündeln In die Sonne. Aber die schwelgerische Zartheit ist dahin, Mit der ihr erstes Blühen sich im Hof des weiß und roten Sternenfeuers wiegte. Sie springen gieriger, wie aus aufgerissenen Adern strömend, Über das heftig aufgeschwellte Fleisch der Blätter. Ihr wildes Blühen ist wie Todesröcheln, Das der vergehende Sommer in das ungewisse Licht des Herbstes trägt.",78,Jahrhundertwende,Expressionismus
12535,"Wedekind, Frank_2._1891","Wedekind, Frank",2.,1891,"Einst lag ich ausgestreckt in wachem Traum, Ermüdet von der Arbeit langer Nächte, Da frug ein Kuckucksruf aus hohem Baum, Was sich das junge Herz wohl wünschen möchte.Der Frage war die Antwort rasch bereit, Nun durfte nichts mir die Erfüllung rauben, Und eine unermeßne Seligkeit Erwuchs mir aus dem frommen Kinderglauben.Des Lebens Sommer ist derweil verblüht Und Hoffnung sah um Hoffnung ich zerrinnen; Aus meinem grellerleuchteten Gemüt Schlich auch beschämt ein dunkler Wahn von hinnen.In diesen Zeilen fand er Unterkunft; Hier liegt er für des Lebens Rest begraben. So wird der Mensch ein Krösus an Vernunft Und, ach, wie bettelarm durch ihre Gaben!",114,Naturalismus,Naturalismus
14498,"Lachmann, Hedwig_UNTITLED_1891","Lachmann, Hedwig",UNTITLED,1891,"Lenzwärme streift um Niederung und Hänge, Der Früh- und Abendwind weht ohne Strenge, Was sich an Leben regt, entstrebt dem Zwang; Die Sonne flimmert auf Gebüsch und Hecken Und lässt nicht nach, zu wirken und zu wecken, Bis alles Knospendasein sich entrang.In Kraft und Fülle will es sich ergiessen – Nehmt hin, nehmt hin, ihr könnt euch nicht verschliessen, In euren eignen Herzen schwillt die Saat; Sie werden wie die Äcker stehn in Garben, Gebt auch den Brüdern, dass sie nicht mehr darben, Lenzlust und Frühlingsglaube werde Tat.Denn unfruchtbare Elemente fahren Vernichtend über das Gewächs von Jahren Und tilgen alle Frucht bis auf den Keim; Die Ungezählten stranden auf den Schiffen Und scheitern in den Wellen, an den Riffen Und fallen Rach- und Mordbegier anheim.Die Erde beut, der Strom reisst es von hinnen: Wir säen aus, wir planen, wir beginnen, So wie das Frühlingswetter braust und gärt – Die ungezähmten Erdenkräfte schaffen Und streuen aus – wir wollen nichts erraffen, Als was der Mensch dem Menschen gern gewährt.",190,Naturalismus,Naturalismus
46823,"Löns, Hermann_Das Grab_1890","Löns, Hermann",Das Grab,1890,"Es geht ein Licht im Dunkeln, Anna, Susanna, wie schön bist du! Das hat einen trüben Schein; Es fliegt eine weiße Taube, Anna, Susanna, wo findst du Ruh? Die weiß nicht aus noch ein.Es blüht eine Blume im Garten, Anna, Susanna, wie schön bist du! Die ist so blaß und bleich; Es klingt ein Lied im Winde, Anna, Susanna, wo findst du Ruh? Das ist an Schmerzen reich.Es liegt ein Grab an der Mauer, Anna, Susanna, wie schön bist du! Das hat nicht Kreuz noch Stein; Da hört man ein Kindlein weinen, Anna, Susanna, wo findst du Ruh? Des Nachts im Mondenschein.Es rauscht ein tiefes Wasser, Anna, Susanna, wie schön bist du! Es rauscht wohl auf und ab; Es gräbt der Totengräber, Anna, Susanna, wo findst du Ruh? An einem neuen Grab.",169,Naturalismus,Naturalismus
16677,"Engelke, Gerrit_UNTITLED_1904","Engelke, Gerrit",UNTITLED,1904,"Könnt ich mich lösen vom starren Gebein, Von erdegeborener Schwere: Könnt ich in Lüften eine Wolke sein, – Ein Funkeln im Sternenheere –Könnt ich zerbrechen den drückenden Zaum, In Licht und in Brausen verließen: In rollende Wogen, in stürzenden Schaum Die durstende Seele ergießen –O könnt ich in rauschendem, rasendem Spiel, Im Sturm sein ein seliger Reiter: Ich weiß nicht wohin – ohne Maß, ohne Ziel Immer weiter, immer weiter – –",83,Jahrhundertwende,Expressionismus
28757,"Hartleben, Otto Erich_[Heut ist ein Festtag]_1886","Hartleben, Otto Erich",[Heut ist ein Festtag],1886,"Heut ist ein Festtag, Ellen, ein Freudentag! Weisst du? Den ersten Kuss raubt ich dir heut.Ach, warst du böse – als es geschehen war; riebst dir die Lippen wund, weintest beinah!Sage doch, Ellen: hast dich doch kaum gewehrt, als ich dein Köpfchen nahm – hast mich wohl lieb?",61,Naturalismus,Naturalismus
19947,"Müller-Jahnke, Clara_Helle Nächte_1882","Müller-Jahnke, Clara",Helle Nächte,1882,"Siehst du, wie tief schon die Sonne steht und wie so rot ihr Licht?! Ob sie in funkelnden Wassern zergeht, uns beiden stirbt sie nicht. Uns leuchtet die Nacht, die niedersinkt und ladet zum letzten Genuß – – und unsre lebendige Seele ertrinkt jauchzend im Schöpferkuß!Du und ich, wir beide träumen in trunkner Nacht. Von verblaßter Seide sind wir überdacht. Ein Flimmern wie vom Tage fließt um den schwarzen Tann – eine blasse süße Sage sieht uns lachend an.Sie singt: »wenn zwei sich finden, die sich von je gehört, ein Leuchten soll es künden, das keine Nacht zerstört. Ein Singen soll es sagen, das nicht im Sturme zerrinnt« – und in den Syringenhagen säuselt Mittsommerwind.",135,Naturalismus,Naturalismus
10209,"Weissmann, Maria Luise_Ich sah dich an..._1914","Weissmann, Maria Luise",Ich sah dich an...,1914,"Ich sah dich an, o daß ich dich Niemals gesehn, nun bin ich blind, Nun bist du groß, nun führst du mich Ein irres Kind.Und wo das Haus, das sichre Haus Mir einst im Wind geborgen stand, Da zieh ich aus, da zieh ich aus In Niemands Land.Und wo ich bleib und wo ich steh, Wächst Schierling süß und duftet wund, Umhaucht mich schwer, bespricht mich weh Dein liebster Mund.Wohin ich geh, wohin ich treib, Traum treibt mich um, niemehr erwacht Die trübe Seel, der arme Leib Aus deiner Nacht.",105,Expressionismus,Expressionismus
10211,"Weissmann, Maria Luise_UNTITLED_1914","Weissmann, Maria Luise",UNTITLED,1914,"Ich atme Dich mit Sehnsucht, süßer Duft. Wo Du verschwebst, ging aller Frühling enden, Wo Du verhauchst, da weht von Schatten-Wänden Herbstlichen Atems die bereifte Luft.Ich schmecke Dich mit Andacht, edles Brot. Wo Du gebrichst, gebricht es aller Fülle, Wo Du ausgehst, da steigt aus ihrer Hülle Von Überfluß die ungemeßne Not.Ich fühle Dich mit Angst, geliebter Leib. Die Dich verlor, die Hand, wird irrer Schwere Tasten ringsum und tasten in die Leere Nach allen Dings unfaßbarem Verbleib.Ich höre Dich, o naher Stimme Sang. Wo Du verstummst, wird jeder Laut in Schweigen Hinsterben und vergeblich tief im Neigen Das Ohr sich mühn nach einem kleinen Klang.Ich sehe Dich mit Inbrunst, großes Licht, Geleucht der Weite, Glanz aus tausend Fernen. Wo Du verbleichst, kehrt unter blinden Sternen In Dunkel das verlöschende Gesicht.",154,Expressionismus,Expressionismus
7953,"Dehmel, Richard Fedor Leopold_Der Reim_1891","Dehmel, Richard Fedor Leopold",Der Reim,1891,"Wir sollen Herz und Schmerz nicht reimen, und Glück und Blick macht daß aus der Liebe Triebe keimen, will nicht in euern Kopf hinein.Ich will's euch weiter nicht verwehren und laß euch gern, verehrte Herr'n, die Schalen schält ihr nur recht heraus den – Kern.",53,Naturalismus,Jahrhundertwende
11898,"Falke, Gustav_UNTITLED_1884","Falke, Gustav",UNTITLED,1884,"Auf dem Rücken im warmen Sand Nie ein schöneres Lager ich fand. Murmelnde, kichernde Wellen zu Füßen, Oben im Wind ein Lispeln und Grüßen Schwankender Halme und leises Gesumm Sammelnder Bienen, sonst Stille ringsum. Ja, ringsum! Nur selten, bald ferne, bald nahebei Ein Möwenschrei.Durch das halbgeöffnete Lid Blinzelt das Auge hinüber zum Ried. Blendendes, zitterndes Sonnengegleiße; Schmetterlingsspiele. Blaue und weiße Kinder der Stunde. Nun löst aus der Schar Sich ein bläulich geflügeltes Paar, Liebespaar! Das schaukelt und gaukelt und flügelt und giebt Sich sehr verliebt.Plötzlich, ei fällt denn der Himmel ein? Weitet sich, breitet sich bläulicher Schein. Lässt sich das zärtliche Pärchen nieder Frech mir gerad' auf die Augenlider? Aber schon merk' ich's am salzigen Geruch, Und schon fühl' ich's am derben Tuch, Schürzentuch, Und hör es am Lachen, die Grete, die Katz, Beschlich ihren Schatz.Seit an Seit und Hand in Hand, Schäferstündchen am stillen Strand. Schmeichelnder Wind und schäkernde Wellen; Faltergeschwirr im zitternden, hellen Sonnengeflirr überm Dünenhang; Irgendwoher ein verwehter Klang, Glockenklang, Und Hundegebell und das klägliche Muh Einer einsamen Kuh.",212,Naturalismus,Jahrhundertwende
38,"Flaischlen, Cäsar_UNTITLED_1892","Flaischlen, Cäsar",UNTITLED,1892,"Habe Geduld nur! tröstet ihr freundlich, »Wolken sind Wolken und gehen vorüber! und nur ein Weilchen bleibt es so grau! Habe Geduld nur! die Nebel verziehen und alles strahlt wieder im goldenen Blau!«Ja: Wolken sind Wolken und gehen vorüber! ... aber inzwischen welken die Blumen, wandern die Vögel und färbt sich das Laub und Frohsinn und Jugend und Glauben um Glauben fällt müde dem ewigen Warten zu Raub!Was frommt, sagt, die Sonne verwelkenden Fluren? was sterbenden Wäldern der maischönste Glanz?! und was einem trübe verwarteten Herzen mitleidiger Liebe verspäteter Kranz?!",111,Jahrhundertwende,Naturalismus
18335,"Wille, Bruno_UNTITLED_1894","Wille, Bruno",UNTITLED,1894,"Durch die Nacht mit dumpfem Rauschen Treibt vorbei des Stromes Wut; Und mit träumerischem Lauschen Starr' ich auf die dunkle Flut. Schattenhafte Kähne wallen Mir vorbei, in Nacht hinein; Liebe Stimmen fern verhallen; – Und die Strömung tönt allein.Und verlassen heb ich meine Augen schmerzbethaut empor: Da entschwebt mit hehrem Scheine Ein Gestirn dem Wolkenflor; »Sieh, ich bleibe!« winkt sein Auge. Und die bange Seele zieht Auf zu diesem treuen Auge, – Wie ein Kind zur Mutter flieht. –Wenn dereinst des Todes Grauen Dieses Herz umspült und bricht, Laß noch einmal dich erschauen Ueber Wassern, süßes Licht, Bis den letzten Liebesfunken, Der in meinem Auge scheint, Deine Blicke aufgetrunken Und dem Sternenglanz vereint.",134,Jahrhundertwende,Naturalismus
8046,"Dehmel, Richard Fedor Leopold_Venus Sapiens_1891","Dehmel, Richard Fedor Leopold",Venus Sapiens,1891,"Zwielicht ... Sterbend hängt die scharfe Zunge aus dem Lästermaul . Sieh , nun weint dein König Saul , und dein David singt zur Harfe . Alle Kleider sind zerrissen , die den alten König schmückten ; brütend hört er den Entzückten nahen aus den Finsternissen.Goliath tot ! den König schauert ; seine Schwermut ahnt ihr Ende . Und dein Sänger steht und trauert o komm , mein Jonathan ! Traure nicht um den gebeugten Vater , dem vor morgen graut ; denn die Trübsal ist die Braut aller nicht vom Geist Gezeugten . Jonathan , du sahst ihn sitzen , den Berater deiner Reife , nackt und schamlos , und das steife Haupt umstarrt von Lanzenspitzen.Und du sahst vor seinem Zelt sterben den Philisterfürsten ; aber Leben braucht die Welt , laß uns nach dem Geiste dürsten ! Denn es weht von allen Hügeln immer neu sein ewiger Segen ; lerne nur dein Herz beflügeln , und er wird auch dich bewegen ! Jonathan , zu jeder Frist sei nun meiner Liebe sicher ; und sie ist viel sonderlicher , als mir Frauenliebe ist . Glutwind droht den jungen Saaten ; nimm den Bogen in die Hände , daß dein Pfeil mir Warnung sende , sinnt der Vater Wahnsinnsthaten.Jonathan , wir sahn uns nackt ! Du mein Bruder , Freund , Berater , hilf mir , wenn die Glut mich packt : Jonathan , Ich war dein Vater – – Mutter ! weinen meine Saiten ... David , komm ! du Ueberwinder unsrer Unwillkürlichkeiten ...",256,Naturalismus,Jahrhundertwende
10145,"Weissmann, Maria Luise_Meine Augen_1914","Weissmann, Maria Luise",Meine Augen,1914,Wenn Du kommst Müssen meine Augen Ins Dunkel kehren Wie in den Tod.Seit sie Dich einließen: Verräterinnen – Nun leben sie immer Unterm Beil.,26,Expressionismus,Expressionismus
52790,"Mühsam, Erich_Kriegslied_1917","Mühsam, Erich",Kriegslied,1917,"Sengen , brennen , schießen , stechen , Schädel spalten , Rippen brechen , spionieren , requirieren , patrouillieren , exerzieren , fluchen , bluten , hungern , frieren ... So lebt der edle Kriegerstand , die Flinte in der linken Hand , das Messer in der rechten Hand – mit Gott , mit Gott , mit Gott , mit Gott für König und Gott für König und Vaterland.Stillgestanden ! Hoch die Beine ! Augen gradeaus , ihr Schweine ! Visitiert und schlecht befunden . Keinen Urlaub . Angebunden . Strafdienst extra sieben Stunden . So lebt der edle Kriegerstand . Jawohl , Herr Oberleutenant ! Und zu Befehl , Herr Leutenant ! Mit Gott , mit Gott , mit Gott , mit Gott für König und Vaterland.Vorwärts mit Tabak und Kümmel ! Bajonette . Schlachtgetümmel . Vorwärts ! Sterben oder Siegen ! Deutscher kennt kein Unterliegen . Knochen splittern , Fetzen fliegen . So lebt der edle Kriegerstand . Der Schweiß tropft in den Grabenrand , das Blut tropft in den Straßenrand , mit Gott , mit Gott , mit Gott , mit Gott für König und Vaterland.Angeschossen – hochgeschmissen – Bauch und Därme aufgerissen . Rote Häuser – blauer Äther – Teufel ! Alle heiligen Väter ! ... Mutter ! Mutter ! ! Sanitäter ! ! ! So stirbt der edle Kriegerstand , in Stiefel , Maul und Ohren Sand und auf das Grab drei Schippen Sand – mit Gott , mit Gott , mit Gott , mit Gott für König und Vaterland .",256,Expressionismus,Expressionismus
29375,"Dauthendey, Max_[Der graue Tag]_1892","Dauthendey, Max",[Der graue Tag],1892,"Der graue Tag Legt seine Wolken an meine Brust, Mein Herz steht leer. Mein Herz ist dunkel und wolkenschwer, Ich habe so lange nicht mehr geküßt, Ich küsse so gerne. Lippe und Seele warten auf dich, Du Herz der Ferne.",47,Jahrhundertwende,Jahrhundertwende
10147,"Weissmann, Maria Luise_UNTITLED_1914","Weissmann, Maria Luise",UNTITLED,1914,"Du bist die silberne Weide am Bach. Schatten der Wolke Du schwimmend. Du gehst über die mondenen Wege. Die Städte-Straßen kennen Dich. Tiere spürten Deiner Fährte all.Nun suchen Waller, steile, Dich gebetvoll. Da rot mein Fuß ging – Deine Ferne brannte! – Liebend erkannten sich die Wandernden.",56,Expressionismus,Expressionismus
